#Time (uint32)[1],RtAcc (float32)[1],MotorPosition (int32)[1],EncoderPosition (uint32)[1]
6500000,29908.674240,0,65535
70000,26377.215385,0,65535
75000,22752.151489,1,65535
80000,19093.852996,3,65535
85000,15460.202693,5,65533
90000,11905.604553,8,65531
95000,8480.134010,11,65529
100000,5228.765010,14,65527
105000,2190.757513,18,65525
110000,-600.841760,21,65523
115000,-3119.541883,25,65522
120000,-5345.609664,28,65519
125000,-7266.124725,32,65516
130000,-8874.888420,35,65514
135000,-10172.207355,38,65513
140000,-11164.542436,41,65513
145000,-11864.044666,43,65512
150000,-12287.997007,46,65510
155000,-12458.165884,48,65509
160000,-12400.093078,49,65507
165000,-12142.333984,50,65508
170000,-11715.666055,51,65509
175000,-11152.291297,52,65510
180000,-10485.043525,52,65509
185000,-9746.615409,53,65509
190000,-8968.832015,53,65509
195000,-8181.981086,53,65510
200000,-7414.202213,52,65512
205000,-6690.967082,52,65513
210000,-6034.630775,51,65514
215000,-5464.093208,49,65515
220000,-4994.545459,48,65516
225000,-4637.316226,47,65518
230000,-4399.817466,45,65519
235000,-4285.582065,44,65521
240000,-4294.387340,42,65523
245000,-4422.463417,40,65525
250000,-4662.767887,38,65527
255000,-5005.328178,36,65530
260000,-5437.630176,34,65532
265000,-5945.049762,31,65534
270000,-6511.306762,29,0
275000,-7118.938446,26,2
280000,-7749.774932,23,5
285000,-8385.401725,20,8
290000,-9007.615089,17,11
295000,-9598.833084,14,14
300000,-10142.484903,10,16
305000,-10623.352527,6,19
310000,-11027.854681,2,22
315000,-11344.292163,-3,26
320000,-11563.029289,-7,30
325000,-11676.620244,-12,33
330000,-11679.877042,-18,37
335000,-11569.892168,-24,40
340000,-11345.999240,-30,44
345000,-11009.695529,-36,48
350000,-10564.508438,-42,53
355000,-10015.848875,-49,57
360000,-9370.809555,-56,61
365000,-8637.949943,-63,65
370000,-7827.070713,-71,69
375000,-6948.959350,-79,74
380000,-6015.148162,-87,79
385000,-5037.664890,-95,83
390000,-4028.790473,-103,88
395000,-3000.828504,-111,92
400000,-1965.894603,-120,96
405000,-935.716629,-128,100
410000,78.535790,-137,105
415000,1066.402316,-145,109
420000,2018.257379,-154,113
425000,2925.410747,-162,116
430000,3780.181169,-171,120
435000,4575.952053,-179,123
440000,5307.194709,-188,126
445000,5969.481468,-196,129
450000,6559.470653,-204,132
455000,7074.883460,-211,135
460000,7514.457225,-219,137
465000,7877.894878,-226,138
470000,8165.803909,-233,140
475000,8379.619598,-240,141
480000,8521.540641,-247,142
485000,8594.435691,-254,143
490000,8601.779937,-260,144
495000,8547.564506,-266,144
500000,8436.217308,-272,144
505000,8272.528648,-278,143
510000,8061.576843,-283,142
515000,7808.647155,-289,140
520000,7519.172668,-294,139
525000,7198.657512,-298,138
530000,6852.616786,-303,136
535000,6486.514568,-308,135
540000,6105.702877,-312,132
545000,5715.368747,-316,129
550000,5320.476055,-320,126
555000,4925.719738,-324,122
560000,4535.475254,-328,118
565000,4153.756618,-332,115
570000,3784.176349,-335,112
575000,3429.912328,-339,108
580000,3093.675374,-342,103
585000,2777.689933,-345,98
590000,2483.675956,-348,94
595000,2212.841272,-352,89
600000,1965.881252,-355,84
605000,1742.987632,-358,79
610000,1543.867492,-361,74
615000,1367.769718,-364,69
620000,1213.522434,-366,63
625000,1079.578280,-369,58
630000,964.069938,-372,52
635000,864.870357,-375,47
640000,779.662561,-378,41
645000,706.011962,-381,35
650000,641.443157,-383,30
655000,583.518314,-386,24
660000,529.913854,-389,18
665000,478.495740,-391,11
670000,427.389049,-394,5
675000,375.040674,-397,65535
680000,320.273160,-400,65530
685000,262.327456,-402,65524
690000,200.893068,-405,65518
695000,136.124479,-407,65511
700000,68.642578,-410,65505
705000,-0.479239,-413,65500
710000,-69.744524,-415,65495
715000,-137.278378,-418,65489
720000,-200.886368,-421,65483
725000,-258.126544,-423,65477
730000,-306.392621,-426,65471
735000,-343.006420,-429,65466
740000,-365.316700,-431,65462
745000,-370.801973,-434,65458
750000,-357.173871,-437,65452
755000,-322.478270,-439,65446
760000,-265.190267,-442,65441
765000,-184.301071,-445,65436
770000,-79.392213,-448,65432
775000,49.304208,-450,65429
780000,200.862669,-453,65425
785000,373.640346,-456,65421
790000,565.273475,-459,65416
795000,772.695779,-461,65412
800000,992.177867,-464,65408
805000,1219.388484,-467,65405
810000,1449.477100,-469,65403
815000,1677.172899,-472,65400
820000,1896.904182,-474,65397
825000,2102.928400,-477,65394
830000,2289.474487,-479,65391
835000,2450.893163,-482,65388
840000,2581.807851,-484,65386
845000,2677.266597,-486,65384
850000,2732.889175,-489,65383
855000,2745.002269,-491,65382
860000,2710.763692,-493,65380
865000,2628.267526,-495,65379
870000,2496.630191,-497,65378
875000,2316.050767,-499,65376
880000,2087.846994,-500,65375
885000,1814.463615,-502,65374
890000,1499.452018,-504,65374
895000,1147.419571,-505,65374
900000,763.954257,-507,65375
905000,355.519771,-509,65375
910000,-70.672659,-510,65375
915000,-506.814050,-512,65376
920000,-944.665908,-514,65376
925000,-1375.742197,-515,65377
930000,-1791.501283,-517,65378
935000,-2183.542013,-518,65380
940000,-2543.800830,-520,65382
945000,-2864.741802,-522,65384
950000,-3139.537334,-524,65387
955000,-3362.235784,-526,65389
960000,-3527.903795,-528,65391
965000,-3632.753133,-530,65394
970000,-3674.234151,-532,65396
975000,-3651.103734,-535,65400
980000,-3563.458681,-537,65404
985000,-3412.741899,-540,65408
990000,-3201.709032,-542,65413
995000,-2934.368896,-545,65417
1000000,-2615.890502,-547,65421
1005000,-2252.482652,-550,65425
1010000,-1851.247978,-553,65429
1015000,-1420.015716,-556,65435
1020000,-967.157649,-559,65441
1025000,-501.391363,-562,65447
1030000,-31.575443,-565,65452
1035000,433.496332,-568,65457
1040000,885.298156,-571,65462
1045000,1315.766811,-574,65467
1050000,1717.483520,-577,65473
1055000,2083.837032,-580,65480
1060000,2409.164190,-583,65486
1065000,2688.868284,-586,65492
1070000,2919.504928,-588,65497
1075000,3098.839044,-591,65502
1080000,3225.873947,-594,65508
1085000,3300.843000,-596,65514
1090000,3325.176000,-599,65521
1095000,3301.428318,-601,65526
1100000,3233.193159,-603,65531
1105000,3124.978780,-606,1
1110000,2982.070159,-608,6
1115000,2810.373783,-610,12
1120000,2616.245508,-612,18
1125000,2406.317472,-613,23
1130000,2187.314748,-615,28
1135000,1965.879440,-617,33
1140000,1748.400115,-619,38
1145000,1540.850543,-620,44
1150000,1348.646759,-622,49
1155000,1176.522374,-624,54
1160000,1028.424739,-625,58
1165000,907.438564,-627,62
1170000,815.732479,-628,66
1175000,754.535245,-630,71
1180000,724.138450,-631,75
1185000,723.925209,-633,80
1190000,752.424860,-634,84
1195000,807.390117,-635,88
1200000,885.894680,-637,91
1205000,984.448051,-638,94
1210000,1099.123239,-640,98
1215000,1225.693821,-641,102
1220000,1359.776616,-642,105
1225000,1496.974086,-643,107
1230000,1633.013963,-645,110
1235000,1763.881111,-646,112
1240000,1885.937881,-647,114
1245000,1996.029758,-648,116
1250000,2091.573715,-649,119
1255000,2170.625686,-650,121
1260000,2231.928348,-651,122
1265000,2274.933338,-652,124
1270000,2299.803733,-653,125
1275000,2307.391405,-653,125
1280000,2299.194335,-654,126
1285000,2277.293682,-655,127
1290000,2244.272470,-655,127
1295000,2203.120708,-656,128
1300000,2157.127141,-656,127
1305000,2109.764814,-657,126
1310000,2064.569950,-657,125
1315000,2025.019884,-657,124
1320000,1994.416427,-658,123
1325000,1975.772094,-658,123
1330000,1971.708488,-658,122
1335000,1984.366416,-658,120
1340000,2015.331029,-658,118
1345000,2065.575838,-658,116
1350000,2135.423898,-658,113
1355000,2224.529743,-658,111
1360000,2331.882476,-658,109
1365000,2455.827474,-658,107
1370000,2594.108343,-658,105
1375000,2743.925571,-657,101
1380000,2902.013587,-657,97
1385000,3064.727544,-656,94
1390000,3228.146314,-656,90
1395000,3388.177633,-655,87
1400000,3540.671110,-654,85
1405000,3681.533098,-654,81
1410000,3806.838226,-653,76
1415000,3912.935256,-652,70
1420000,3996.547698,-651,65
1425000,4054.860591,-649,61
1430000,4085.593700,-648,57
1435000,4087.065696,-647,53
1440000,4058.231353,-645,48
1445000,3998.711109,-644,42
1450000,3908.796310,-642,35
1455000,3789.438724,-640,30
1460000,3642.222166,-638,26
1465000,3469.317674,-636,21
1470000,3273.424863,-634,16
1475000,3057.697534,-632,9
1480000,2825.661849,-630,2
1485000,2581.124067,-627,65532
1490000,2328.074216,-625,65527
1495000,2070.584774,-622,65522
1500000,1812.711715,-620,65517
1505000,1558.397293,-617,65511
1510000,1311.378836,-615,65503
1515000,1075.103044,-612,65496
1520000,852.652931,-609,65491
1525000,646.684932,-607,65486
1530000,459.378767,-604,65482
1535000,292.401361,-601,65476
1540000,146.885814,-598,65470
1545000,23.424136,-596,65463
1550000,-77.925410,-593,65457
1555000,-157.617321,-590,65452
1560000,-216.585540,-587,65449
1565000,-256.198906,-585,65445
1570000,-278.207230,-582,65440
1575000,-284.679841,-579,65434
1580000,-277.938294,-576,65429
1585000,-260.485959,-574,65423
1590000,-234.936165,-571,65420
1595000,-203.940963,-568,65417
1600000,-170.122766,-566,65414
1605000,-136.010420,-563,65410
1610000,-103.981471,-560,65406
1615000,-76.211771,-558,65401
1620000,-54.633708,-555,65398
1625000,-40.903644,-552,65394
1630000,-36.379001,-550,65392
1635000,-42.105236,-547,65390
1640000,-58.812346,-544,65388
1645000,-86.920537,-542,65386
1650000,-126.554286,-539,65384
1655000,-177.563772,-536,65381
1660000,-239.552640,-534,65379
1665000,-311.910581,-531,65378
1670000,-393.849735,-528,65377
1675000,-484.443044,-526,65377
1680000,-582.663583,-523,65376
1685000,-687.423086,-520,65376
1690000,-797.608709,-518,65375
1695000,-912.117004,-515,65375
1700000,-1029.883742,-513,65374
1705000,-1149.909377,-510,65374
1710000,-1271.278738,-508,65375
1715000,-1393.176441,-505,65377
1720000,-1514.895343,-503,65379
1725000,-1635.840320,-500,65380
1730000,-1755.527114,-498,65381
1735000,-1873.575782,-495,65382
1740000,-1989.700698,-493,65384
1745000,-2103.697776,-491,65386
1750000,-2215.428113,-489,65388
1755000,-2324.801206,-487,65392
1760000,-2431.757926,-485,65395
1765000,-2536.253452,-483,65398
1770000,-2638.239622,-481,65401
1775000,-2737.653493,-479,65404
1780000,-2834.403514,-477,65407
1785000,-2928.362369,-475,65411
1825000,-3019.360780,-462,65449
1830000,-3107.187747,-461,65455
1835000,-3191.589593,-459,65461
1840000,-3272.276639,-458,65466
1845000,-3348.930835,-456,65470
1850000,-3421.215772,-455,65475
1855000,-3488.788366,-454,65481
1860000,-3551.313161,-453,65488
1865000,-3608.475923,-452,65495
1870000,-3659.995794,-451,65502
1875000,-3705.640077,-450,65507
1880000,-3745.233297,-450,65512
1885000,-3778.666019,-449,65518
1890000,-3805.901050,-448,65526
1895000,-3826.975345,-448,65533
1900000,-3841.999530,-447,19
1915000,-3851.152420,-447,23
1920000,-3854.674148,-447,30
1925000,-3852.853012,-447,37
1930000,-3846.012878,-447,43
1935000,-3834.496307,-447,49
1940000,-3818.644332,-447,55
1945000,-3798.780918,-447,61
1950000,-3775.188922,-448,68
1955000,-3748.095035,-448,75
1960000,-3717.651128,-449,81
1965000,-3683.919668,-450,87
1970000,-3646.862506,-451,93
1975000,-3606.333494,-451,99
1980000,-3562.075853,-453,105
1985000,-3513.723134,-454,111
1990000,-3460.805654,-455,117
1995000,-3402.765274,-456,122
2000000,-3338.970661,-457,128
2005000,-3268.738269,-459,133
2010000,-3191.361427,-460,138
2015000,-3106.137037,-462,144
2020000,-3012.398242,-464,149
2025000,-2909.549522,-466,154
2030000,-2797.097921,-467,158
2035000,-2674.689769,-469,162
2040000,-2542.138814,-471,166
2045000,-2399.455547,-473,169
2050000,-2246.871709,-476,174
2055000,-2084.857702,-478,178
2060000,-1914.135360,-480,181
2065000,-1735.683059,-482,185
2070000,-1550.732707,-485,188
2075000,-1360.760331,-487,190
2080000,-1167.467474,-489,192
2085000,-972.754955,-492,194
2090000,-778.690052,-494,196
2095000,-587.465763,-497,198
2100000,-401.355457,-499,200
2105000,-222.662353,-502,202
2110000,-53.665428,-504,203
2115000,103.436136,-507,203
2120000,246.579003,-510,203
2125000,373.890614,-512,203
2130000,483.740997,-515,202
2135000,574.790430,-517,202
2140000,646.030950,-520,201
2145000,696.820259,-522,200
2150000,726.908206,-524,199
2155000,736.452627,-527,198
2160000,726.025915,-529,196
2165000,696.610927,-532,193
2170000,649.585914,-534,191
2175000,586.699581,-536,188
2180000,510.035991,-539,185
2185000,421.970176,-541,182
2190000,325.116014,-543,179
2195000,222.267103,-546,176
2200000,116.332626,-548,172
2205000,10.269572,-550,168
2210000,-92.986717,-553,163
2215000,-190.591793,-555,158
2220000,-279.859328,-557,153
2225000,-358.324384,-560,149
2230000,-423.801088,-562,144
2235000,-474.433040,-564,139
2240000,-508.734941,-567,134
2245000,-525.624752,-569,128
2250000,-524.444818,-571,121
2255000,-504.972076,-574,115
2260000,-467.416715,-576,110
2265000,-412.409210,-579,104
2270000,-340.976834,-581,98
2275000,-254.509735,-583,92
2280000,-154.717755,-586,85
2285000,-43.579578,-588,77
2290000,76.714644,-591,70
2295000,203.825187,-593,64
2300000,335.327529,-596,58
2305000,468.777894,-598,51
2310000,601.777982,-600,43
2315000,732.036542,-603,36
2320000,857.426452,-605,28
2325000,976.035308,-608,21
2330000,1086.208705,-610,15
2335000,1186.583404,-612,7
2340000,1276.112675,-615,65535
2345000,1354.079484,-617,65528
2350000,1420.099830,-619,65520
2355000,1474.115276,-621,65514
2360000,1516.376018,-623,65507
2365000,1547.413253,-626,65500
2370000,1568.004035,-628,65492
2375000,1579.129219,-630,65484
2380000,1581.925392,-632,65477
2385000,1577.631950,-634,65470
2390000,1567.538261,-636,65464
2395000,1552.927970,-638,65458
2400000,1535.026788,-639,65451
2405000,1514.952087,-641,65443
2410000,1493.668794,-643,65435
2415000,1471.951103,-645,65429
2420000,1450.351953,-646,65423
2425000,1429.181098,-648,65418
2430000,1408.493995,-650,65412
2435000,1388.089065,-651,65406
2440000,1367.515921,-653,65400
2445000,1346.094250,-654,65394
2450000,1322.940230,-656,65388
2455000,1297.002677,-657,65383
2460000,1267.106413,-659,65378
2465000,1232.001423,-660,65374
2470000,1190.415496,-661,65369
2475000,1141.111254,-663,65365
2480000,1082.941646,-664,65360
2485000,1014.906644,-665,65357
2490000,936.204433,-666,65353
2495000,846.279525,-667,65349
2500000,744.863557,-669,65346
2505000,632.008218,-670,65343
2510000,508.108711,-671,65341
2515000,373.917388,-672,65338
2520000,230.546331,-673,65336
2525000,79.458651,-674,65334
2530000,-77.551345,-675,65332
2535000,-238.388657,-677,65330
2540000,-400.698423,-678,65329
2545000,-561.915493,-679,65329
2550000,-719.322204,-680,65328
2555000,-870.112037,-681,65328
2560000,-1011.458039,-682,65329
2565000,-1140.583157,-683,65329
2570000,-1254.832148,-685,65329
2575000,-1351.741313,-686,65330
2580000,-1429.104423,-687,65331
2585000,-1485.034465,-689,65333
2590000,-1518.016576,-690,65335
2595000,-1526.953220,-691,65336
2600000,-1511.199712,-693,65338
2605000,-1470.586395,-694,65341
2610000,-1405.431985,-696,65344
2615000,-1316.541671,-697,65347
2620000,-1205.195069,-699,65351
2625000,-1073.120474,-700,65355
2630000,-922.458457,-702,65359
2635000,-755.715560,-704,65363
2640000,-575.707435,-705,65367
2645000,-385.495281,-707,65371
2650000,-188.315982,-709,65376
2655000,12.491772,-711,65381
2660000,213.563537,-712,65387
2665000,411.585140,-714,65392
2670000,603.366804,-716,65398
2675000,785.913515,-717,65404
2680000,956.489181,-719,65410
2685000,1112.674474,-721,65416
2690000,1252.414107,-722,65421
2695000,1374.056816,-724,65427
2700000,1476.382160,-726,65434
2705000,1558.616161,-727,65441
2710000,1620.438575,-729,65448
2715000,1661.974191,-730,65455
2720000,1683.776283,-731,65462
2725000,1686.798954,-733,65468
2730000,1672.360324,-734,65474
2735000,1642.097377,-735,65481
2740000,1597.915267,-737,65489
2745000,1541.930294,-738,65496
2750000,1476.410865,-739,65503
2755000,1403.716945,-740,65510
2760000,1326.238870,-741,65516
2765000,1246.339321,-742,65523
2770000,1166.297793,-743,65531
2775000,1088.260765,-744,3
2780000,1014.198184,-745,9
2785000,945.866107,-746,16
2790000,884.778594,-747,23
2795000,832.187366,-748,30
2800000,789.069795,-749,37
2805000,756.126213,-750,44
2810000,733.784627,-750,51
2815000,722.214031,-751,57
2820000,721.343231,-752,63
2825000,730.886411,-753,69
2830000,750.373077,-754,74
2835000,779.181241,-754,81
2840000,816.572475,-755,87
2845000,861.728000,-756,93
2850000,913.783836,-756,98
2855000,971.864128,-757,104
2860000,1035.111427,-758,109
2865000,1102.712750,-758,114
2870000,1173.920989,-764,153
2915000,1248.070597,-764,155
2920000,1324.589014,-764,158
2925000,1402.998352,-765,160
2930000,1482.915973,-765,163
2935000,1564.046001,-766,165
2940000,1646.167659,-766,167
2945000,1729.117631,-766,168
2950000,1812.771701,-767,169
2955000,1897.020244,-767,170
2960000,1981.745910,-767,172
2965000,2066.799640,-767,172
2970000,2151.975631,-767,173
2975000,2236.992835,-767,173
2980000,2321.474790,-767,172
2985000,2404.936790,-767,171
2990000,2486.775398,-767,171
2995000,2566.265344,-767,170
3000000,2642.560720,-767,169
3005000,2714.701890,-766,168
3010000,2781.629323,-766,166
3015000,2842.201423,-766,163
3020000,2895.219612,-765,161
3025000,2939.455223,-764,158
3030000,2973.681640,-764,155
3035000,2996.707725,-763,152
3040000,3007.414102,-762,149
3045000,3004.788160,-761,146
3050000,2987.958717,-760,142
3055000,2956.228733,-759,137
3060000,2909.104156,-758,133
3065000,2846.317100,-757,128
3070000,2767.846822,-755,123
3075000,2673.931837,-754,118
3080000,2565.074920,-753,113
3085000,2442.043066,-751,108
3090000,2305.857896,-749,103
3095000,2157.781362,-748,97
3100000,1999.291992,-746,91
3105000,1832.055664,-744,85
3110000,1657.891273,-743,78
3115000,1478.731536,-741,72
3120000,1296.578769,-739,66
3125000,1113.461494,-737,60
3130000,931.386184,-735,53
3135000,752.291631,-733,47
3140000,578.005170,-731,39
3145000,410.200548,-729,32
3150000,250.360918,-727,26
3155000,99.746961,-725,19
3160000,-40.628728,-723,12
3165000,-170.020198,-721,5
3170000,-287.959117,-719,65534
3175000,-394.258003,-717,65527
3180000,-489.005136,-715,65521
3185000,-572.552251,-713,65514
3190000,-645.494508,-711,65507
3195000,-708.643913,-709,65499
3200000,-762.997007,-707,65493
3205000,-809.697723,-705,65486
3210000,-849.996852,-703,65480
3215000,-885.208797,-702,65474
3220000,-916.668415,-700,65468
3225000,-945.686531,-698,65461
3230000,-973.509883,-696,65455
3235000,-1001.281619,-694,65448
3240000,-1030.008196,-692,65443
3245000,-1060.529828,-691,65438
3250000,-1093.499069,-689,65432
3255000,-1129.364848,-687,65427
3260000,-1168.364405,-686,65422
3265000,-1210.522890,-684,65417
3270000,-1255.659222,-682,65412
3275000,-1303.400993,-681,65407
3280000,-1353.204727,-679,65403
3285000,-1404.381275,-678,65398
3290000,-1456.128025,-676,65394
3295000,-1507.562255,-675,65390
3300000,-1557.759857,-674,65387
3305000,-1605.792617,-672,65383
3310000,-1650.766754,-671,65380
3315000,-1691.859483,-670,65378
3320000,-1728.352928,-668,65375
3325000,-1759.663486,-667,65372
3330000,-1785.366630,-666,65370
3335000,-1805.215835,-665,65368
3340000,-1819.153785,-664,65367
3345000,-1827.318096,-663,65365
3350000,-1830.037117,-662,65364
3355000,-1827.822685,-661,65363
3360000,-1821.350097,-660,65363
3365000,-1811.437034,-659,65362
3370000,-1799.013376,-659,65362
3375000,-1785.087013,-658,65362
3380000,-1770.706558,-657,65363
3385000,-1756.921672,-657,65363
3390000,-1744.740104,-656,65364
3395000,-1735.089540,-656,65366
3400000,-1728.775882,-655,65368
3405000,-1726.449584,-655,65370
3410000,-1728.572273,-654,65372
3415000,-1735.392189,-654,65374
3420000,-1746.923351,-654,65376
3425000,-1762.933969,-653,65378
3430000,-1782.942771,-653,65381
3435000,-1806.221199,-653,65384
3440000,-1831.806755,-653,65388
3445000,-1858.521366,-653,65391
3450000,-1884.999656,-653,65395
3455000,-1909.722709,-653,65399
3460000,-1931.056880,-653,65403
3465000,-1947.298240,-653,65407
3470000,-1956.721210,-653,65411
3475000,-1957.625389,-653,65417
3480000,-1948.388004,-653,65422
3485000,-1927.509212,-654,65427
3490000,-1893.660163,-654,65432
3495000,-1845.723533,-654,65437
3500000,-1782.829523,-655,65443
3505000,-1704.385757,-655,65448
3510000,-1610.098743,-656,65454
3515000,-1499.987983,-656,65460
3520000,-1374.390244,-657,65466
3525000,-1233.956694,-658,65472
3530000,-1079.638838,-658,65478
3535000,-912.667751,-659,65484
3540000,-734.524536,-660,65491
3545000,-546.903991,-660,65498
3550000,-351.672530,-661,65505
3555000,-150.820884,-662,65511
3560000,53.585882,-663,65517
3565000,259.460616,-664,65524
3570000,464.746093,-664,65531
3575000,667.465782,-665,2
3580000,865.771579,-666,9
3585000,1057.987570,-667,15
3590000,1242.647051,-667,21
3595000,1418.523788,-668,27
3600000,1584.655666,-669,34
3605000,1740.358257,-669,41
3610000,1885.231590,-670,47
3615000,2019.157171,-670,53
3620000,2142.284870,-671,58
3625000,2255.015134,-671,64
3630000,2357.969045,-672,70
3635000,2451.954841,-672,76
3640000,2537.928342,-672,82
3645000,2616.948604,-672,87
3650000,2690.129995,-672,91
3655000,2758.595705,-673,96
3660000,2823.430061,-673,101
3665000,2885.632038,-673,106
3670000,2946.073055,-673,111
3675000,3005.460977,-673,115
3680000,3064.307928,-673,119
3685000,3122.906923,-672,122
3690000,3181.315660,-672,126
3695000,3239.348649,-671,129
3700000,3296.579360,-671,133
3705000,3352.349996,-670,136
3710000,3405.789136,-669,138
3715000,3455.839872,-668,140
3720000,3501.292467,-667,142
3725000,3540.822982,-666,144
3730000,3573.039770,-665,145
3735000,3596.528768,-664,147
3740000,3609.905958,-662,148
3745000,3611.864566,-661,149
3750000,3601.224184,-659,149
3755000,3576.977252,-657,149
3760000,3538.328886,-656,149
3765000,3484.732866,-654,149
3770000,3415.920019,-652,149
3775000,3331.918001,-650,148
3780000,3233.064413,-648,147
3785000,3120.007753,-646,146
3790000,2993.702888,-644,144
3795000,2855.394172,-642,142
3800000,2706.591367,-639,139
3805000,2549.037456,-637,138
3810000,2384.669303,-634,136
3815000,2215.572595,-632,134
3820000,2043.928861,-629,131
3825000,1871.966552,-626,127
3830000,1701.902627,-624,123
3835000,1535.888576,-621,119
3840000,1375.956416,-618,116
3845000,1223.969221,-615,112
3850000,1081.574440,-612,109
3855000,950.164222,-609,105
3860000,830.842113,-564,27
3935000,724.398183,-562,23
3940000,631.292629,-559,17
3945000,551.647853,-556,12
3950000,485.249948,-553,8
3955000,431.559276,-550,2
3960000,389.729137,-547,65532
3965000,358.632588,-544,65525
3970000,336.895799,-541,65519
3975000,322.937822,-538,65514
3980000,315.014219,-535,65510
3985000,311.264395,-532,65504
3990000,309.760427,-529,65498
3995000,308.556199,-526,65491
4000000,305.735397,-522,65486
4005000,299.456901,-519,65481
4010000,287.996273,-516,65477
4015000,269.782400,-513,65472
4020000,243.428301,-510,65467
4025000,207.755136,-507,65461
4030000,161.809434,-504,65455
4035000,104.872715,-501,65451
4040000,36.464097,-497,65447
4045000,-43.664298,-494,65443
4050000,-135.538339,-491,65438
4055000,-238.978815,-488,65434
4060000,-353.623199,-485,65429
4065000,-478.951311,-482,65424
4070000,-614.313745,-478,65420
4075000,-758.962059,-475,65417
4080000,-912.078571,-472,65414
4085000,-1072.806000,-469,65411
4090000,-1240.274906,-466,65408
4095000,-1413.627147,-463,65405
4100000,-1592.036819,-460,65402
4105000,-1774.725198,-457,65399
4110000,-1960.970497,-454,65397
4115000,-2150.114059,-451,65395
4120000,-2341.557264,-449,65393
4125000,-2534.756422,-446,65392
4130000,-2729.211568,-443,65390
4135000,-2924.450683,-441,65389
4140000,-3120.008468,-438,65388
4145000,-3315.407514,-436,65387
4150000,-3510.133028,-433,65386
4155000,-3703.608274,-431,65386
4160000,-3895.173835,-429,65387
4165000,-4084.065437,-427,65387
4170000,-4269.396305,-425,65388
4175000,-4450.146675,-423,65389
4180000,-4625.150680,-421,65389
4185000,-4793.101787,-419,65390
4190000,-4952.551364,-418,65391
4195000,-5101.924419,-416,65393
4200000,-5239.537715,-415,65396
4205000,-5363.625049,-413,65400
4210000,-5472.367763,-413,65402
4215000,-5563.936233,-412,65405
4220000,-5636.529445,-411,65407
4225000,-5688.422679,-410,65410
4230000,-5718.011379,-410,65413
4235000,-5723.867416,-410,65417
4240000,-5704.781055,-409,65422
4245000,-5659.808635,-409,65427
4250000,-5588.313579,-409,65431
4255000,-5490.004539,-409,65435
4260000,-5364.961624,-409,65440
4265000,-5213.661193,-410,65444
4270000,-5036.983013,-410,65450
4275000,-4836.217403,-411,65456
4280000,-4613.054275,-412,65462
4285000,-4369.561672,-413,65468
4290000,-4108.164787,-414,65473
4295000,-3831.595230,-416,65479
4300000,-3542.854309,-417,65485
4305000,-3245.148181,-418,65492
4310000,-2941.827774,-420,65499
4315000,-2636.321306,-422,65506
4320000,-2332.060098,-423,65512
4325000,-2032.407522,-425,65518
4330000,-1740.584278,-427,65525
4335000,-1459.599733,-429,65532
4340000,-1192.184925,-431,4
4345000,-940.732860,-433,11
4350000,-707.247829,-435,17
4355000,-493.302154,-437,22
4360000,-300.005912,-439,29
4365000,-127.986598,-440,36
4370000,22.617816,-442,44
4375000,152.153801,-444,51
4380000,261.434602,-447,57
4385000,351.710534,-448,63
4390000,424.628448,-450,68
4395000,482.180786,-452,74
4400000,526.646423,-454,81
4405000,560.524845,-456,88
4410000,586.465072,-458,94
4415000,607.192087,-460,99
4420000,625.432443,-462,104
4425000,643.841600,-464,109
4430000,664.934492,-466,114
4435000,691.022253,-468,119
4440000,724.155759,-470,124
4445000,766.078853,-471,129
4450000,818.191337,-473,133
4455000,881.523799,-475,137
4460000,956.723690,-477,141
4465000,1044.054865,-478,145
4470000,1143.407106,-480,148
4475000,1254.319190,-482,152
4480000,1376.011967,-484,155
4485000,1507.429504,-485,158
4490000,1647.290468,-487,160
4495000,1794.142961,-488,163
4500000,1946.426010,-490,165
4505000,2102.531194,-491,167
4510000,2260.864973,-493,169
4515000,2419.907569,-494,170
4520000,2578.270196,-495,171
4525000,2734.741449,-496,172
4530000,2888.330459,-498,172
4535000,3038.296937,-499,172
4540000,3184.171438,-500,172
4545000,3325.766324,-501,171
4550000,3463.171005,-501,171
4555000,3596.738576,-502,171
4560000,3727.059125,-503,170
4565000,3854.923248,-503,168
4570000,3981.277275,-504,167
4575000,4107.166290,-504,164
4580000,4233.677864,-505,161
4585000,4361.874103,-505,159
4590000,4492.730140,-505,156
4595000,4627.063274,-505,153
4600000,4765.477180,-505,150
4605000,4908.298015,-505,147
4610000,5055.528640,-505,143
4615000,5206.809520,-504,139
4620000,5361.383914,-503,134
4625000,5518.085956,-502,129
4630000,5675.335407,-502,124
4635000,5831.148147,-500,119
4640000,5983.162403,-499,115
4645000,6128.677845,-498,109
4650000,6264.705181,-496,103
4655000,6388.032913,-495,97
4660000,6495.304107,-493,91
4665000,6583.093166,-491,84
4670000,6648.002624,-488,77
4675000,6686.751842,-486,71
4680000,6696.269989,-484,63
4685000,6673.794746,-481,55
4690000,6616.953372,-478,48
4695000,6523.846626,-475,41
4700000,6393.119335,-472,34
4705000,6224.015712,-468,26
4710000,6016.431331,-465,17
4715000,5770.930767,-461,8
4720000,5488.770484,-457,0
4725000,5171.883106,-453,65528
4730000,4822.859764,-449,65521
4735000,4444.906711,-445,65512
4740000,4041.783809,-440,65503
4745000,3617.735624,-436,65494
4750000,3177.399396,-431,65486
4755000,2725.708007,-427,65478
4760000,2267.780780,-422,65470
4765000,1808.808898,-417,65462
4770000,1353.938102,-412,65453
4775000,908.149814,-408,65444
4780000,476.147890,-403,65436
4785000,62.249007,-398,65428
4790000,-329.715943,-393,65421
4795000,-696.489286,-388,65414
4800000,-1035.459399,-383,65407
4805000,-1344.717860,-378,65399
4810000,-1623.096847,-373,65392
4815000,-1870.190238,-368,65384
4820000,-2086.353063,-364,65378
4825000,-2272.681951,-359,65372
4830000,-2430.977821,-354,65366
4835000,-2563.688039,-350,65360
4840000,-2673.835992,-345,65355
4845000,-2764.931440,-341,65349
4850000,-2840.875625,-336,65343
4855000,-2905.849266,-332,65339
4860000,-2964.201927,-328,65334
4865000,-3020.332813,-324,65330
4870000,-3078.575372,-320,65327
4875000,-3143.083333,-316,65323
4880000,-3217.723131,-286,65306
4915000,-3305.978059,-284,65306
4920000,-3410.859823,-281,65305
4925000,-3534.838438,-277,65304
4930000,-3679.786443,-273,65304
4935000,-3846.937942,-270,65304
4940000,-4036.870479,-266,65305
4945000,-4249.500274,-263,65306
4950000,-4484.097003,-260,65307
4955000,-4739.318370,-257,65309
4960000,-5013.255119,-254,65311
4965000,-5303.496837,-251,65313
4970000,-5607.203006,-248,65316
4975000,-5921.192169,-246,65319
4980000,-6242.028236,-243,65322
4985000,-6566.118717,-241,65326
4990000,-6889.811038,-239,65330
4995000,-7209.489345,-237,65334
5000000,-7521.663665,-235,65339
5005000,-7823.057651,-234,65344
5010000,-8110.678672,-232,65350
5015000,-8381.884574,-231,65356
5020000,-8634.438514,-230,65361
5025000,-8866.535186,-229,65368
5030000,-9076.836585,-229,65375
5035000,-9264.465332,-229,65382
5040000,-9429.009437,-229,65390
5045000,-9570.487976,-229,65398
5050000,-9689.325332,-229,65406
5055000,-9786.296844,-230,65414
5060000,-9862.479209,-231,65422
5065000,-9919.178962,-232,65431
5070000,-9957.865715,-233,65440
5075000,-9980.098724,-235,65450
5080000,-9987.456321,-237,65460
5085000,-9981.459617,-239,65471
5090000,-9963.505744,-242,65481
5095000,-9934.815406,-244,65490
5100000,-9896.370887,-247,65500
5105000,-9848.881721,-250,65511
5110000,-9792.750358,-254,65523
5115000,-9728.056907,-257,65535
5120000,-9654.553413,-261,11
5125000,-9571.671485,-266,21
5130000,-9478.543281,-270,31
5135000,-9374.030113,-275,43
5140000,-9256.771087,-280,55
5145000,-9125.229835,-285,67
5150000,-8977.750778,-290,79
5155000,-8812.632560,-296,91
5160000,-8628.182411,-302,102
5165000,-8422.793388,-308,113
5170000,-8195.006370,-314,125
5175000,-7943.574428,-320,137
5180000,-7667.518615,-327,149
5185000,-7366.179943,-334,160
5190000,-7039.254665,-341,172
5195000,-6686.833858,-348,183
5200000,-6309.417247,-356,193
5205000,-5907.917022,-363,204
5210000,-5483.663082,-371,215
5215000,-5038.379192,-379,225
5220000,-4574.160575,-387,236
5225000,-4093.431949,-395,247
5230000,-3598.905563,-403,256
5235000,-3093.522787,-411,266
5240000,-2580.397367,-420,275
5245000,-2062.749385,-428,284
5250000,-1543.837928,-437,293
5255000,-1026.896238,-446,301
5260000,-515.065097,-454,309
5265000,-11.331088,-463,317
5270000,481.530189,-472,325
5275000,961.004638,-480,332
5280000,1424.882793,-489,339
5285000,1871.293926,-498,346
5290000,2298.732280,-506,351
5295000,2706.072330,-515,357
5300000,3092.577219,-523,362
5305000,3457.895040,-531,367
5310000,3802.050399,-539,371
5315000,4125.426769,-548,374
5320000,4428.740978,-556,378
5325000,4713.015556,-564,381
5330000,4979.547977,-572,383
5335000,5229.871273,-579,386
5340000,5465.722560,-587,387
5345000,5689.002990,-594,389
5350000,5901.744842,-602,389
5355000,6106.080532,-609,390
5360000,6304.211616,-616,389
5365000,6498.382091,-623,388
5370000,6690.860748,-629,386
5375000,6883.918762,-636,385
5380000,7079.818248,-642,382
5385000,7280.799865,-649,380
5390000,7489.078521,-655,377
5395000,7706.829071,-660,373
5400000,7936.187267,-666,369
5405000,8179.240226,-671,365
5410000,8438.017845,-677,359
5415000,8714.483261,-682,354
5420000,9010.519981,-686,347
5425000,9327.906608,-691,341
5430000,9668.301582,-695,333
5435000,10033.205747,-699,326
5440000,10423.932075,-703,318
5445000,10841.562747,-707,310
5450000,11286.904811,-710,301
5455000,11760.439872,-713,292
5460000,12262.272834,-716,282
5465000,12792.077064,-718,271
5470000,13349.043130,-720,260
5475000,13931.831169,-722,249
5480000,14538.517951,-723,236
5485000,15166.569709,-724,224
5490000,15812.804698,-725,211
5495000,16473.382949,-725,198
5500000,17143.790721,-725,185
5505000,17818.868160,-725,171
5510000,18492.826461,-724,157
5515000,19159.290313,-722,142
5520000,19811.378479,-720,125
5525000,20441.763401,-718,109
5530000,21042.785644,-715,94
5535000,21606.562137,-711,77
5540000,22125.117778,-707,60
5545000,22590.534687,-702,42
5550000,22995.080947,-697,24
5555000,23331.396579,-691,6
5560000,23592.629432,-685,65523
5565000,23772.602081,-678,65505
5570000,23865.971565,-670,65486
5575000,23868.350982,-662,65466
5580000,23776.447772,-653,65447
5585000,23588.178157,-644,65427
5590000,23302.741050,-634,65407
5595000,22920.680046,-624,65386
5600000,22443.923950,-613,65367
5605000,21875.779628,-601,65346
5610000,21220.910549,-588,65325
5615000,20485.267639,-575,65305
5620000,19676.003456,-562,65284
5625000,18801.343917,-548,65263
5630000,17870.440483,-534,65243
5635000,16893.195152,-520,65222
5640000,15880.060195,-504,65201
5645000,14841.824531,-488,65181
5650000,13789.398670,-472,65160
5655000,12733.570337,-456,65140
5660000,11684.790849,-439,65120
5665000,10652.941465,-422,65100
5670000,9647.130966,-404,65080
5675000,8675.499916,-387,65062
5680000,7745.061397,-370,65042
5685000,6861.560344,-351,65023
5690000,6029.370307,-333,65006
5695000,5251.430988,-315,64988
5700000,4529.222965,-297,64971
5705000,3862.780380,-277,64954
5710000,3250.748395,-259,64938
5715000,2690.480232,-240,64922
5720000,2178.168058,-221,64907
5725000,1709.014797,-201,64892
5730000,1277.426004,-183,64879
5735000,877.234935,-164,64866
5740000,501.937198,-145,64853
5745000,144.939541,-126,64841
5750000,-200.191092,-107,64830
5755000,-539.483690,-88,64819
5760000,-878.333568,-69,64810
5765000,-1221.294999,-50,64800
5770000,-1571.902751,-31,64792
5775000,-1932.529830,-12,64784
5780000,-2304.287672,7,64777
5785000,-2686.972856,25,64770
5790000,-3079.063653,44,64765
5795000,-3477.769136,63,64760
5800000,-3879.132080,82,64756
5805000,-4278.179645,101,64752
5810000,-4669.127464,119,64749
5815000,-5045.623302,137,64747
5820000,-5401.031017,156,64745
5825000,-5728.746414,174,64744
5830000,-6022.529125,192,64744
5835000,-6276.852607,210,64744
5840000,-6487.250804,228,64745
5845000,-6650.657176,245,64746
5850000,-6765.718936,262,64748
5855000,-6833.085536,280,64751
5860000,-6855.640411,297,64754
5865000,-6838.694095,313,64758
5870000,-6790.098667,473,64826
5915000,-6720.307350,480,64830
5920000,-6642.341613,496,64841
5925000,-6571.689605,512,64852
5930000,-6526.112556,528,64864
5935000,-6525.375366,544,64876
5940000,-6590.889930,559,64889
5945000,-6745.288848,575,64903
5950000,-7011.928081,590,64917
5955000,-7414.328098,605,64931
5960000,-7975.571632,620,64947
5965000,-8717.663764,635,64962
5970000,-9660.876274,649,64978
5975000,-10823.078155,664,64995
5980000,-12219.091653,678,65011
5985000,-13860.071945,691,65028
5990000,-15752.929687,705,65046
5995000,-17899.825572,718,65065
6000000,-20297.739505,731,65083
6005000,-22938.137054,743,65103
6010000,-25806.734561,754,65122
6015000,-28883.395195,765,65143
6020000,-32142.138481,775,65164
6025000,-35551.276206,785,65186
6030000,-39073.717117,793,65209
6035000,-42667.341232,801,65232
6040000,-46285.567283,807,65256
6045000,-49878.001213,812,65280
6050000,-53391.218185,816,65305
6055000,-56769.609451,819,65331
6060000,-59956.369400,820,65358
6065000,-62894.492149,821,65387
6070000,-65527.853965,819,65416
6075000,-67802.262306,816,65447
6080000,-69666.600227,811,65477
6085000,-71073.827743,804,65508
6090000,-71982.045173,795,4
6095000,-72355.413436,785,38
6100000,-72165.036201,773,73
6105000,-71389.670372,758,108
6110000,-70016.365051,742,144
6115000,-68040.919303,724,181
6120000,-65468.192100,705,218
6125000,-62312.259674,684,254
6130000,-58596.348762,661,292
6135000,-54352.674484,637,328
6140000,-49622.011184,611,365
6145000,-44453.177452,584,399
6150000,-38902.303695,556,432
6155000,-33031.978607,527,465
6160000,-26910.254955,497,495
6165000,-20609.555244,466,527
6170000,-14205.462932,434,557
6175000,-7775.469303,402,587
6180000,-1397.667999,370,616
6185000,4850.568294,338,645
6190000,10893.898010,306,674
6195000,16660.282611,274,700
6200000,22082.200050,242,728
6205000,27097.768783,211,753
6210000,31651.763916,182,782
6215000,35696.499347,152,804
6220000,39192.576408,123,833
6225000,42109.456062,96,856
6230000,44425.859451,69,881
6235000,46130.018234,44,907
6240000,47219.710350,20,927
6245000,47702.131271,-4,953
6250000,47593.579292,-26,977
6255000,46919.007301,-48,995
6260000,45711.359977,-67,1021
6265000,44010.839462,-86,1045
6270000,41863.985061,-103,1061
6275000,39322.690963,-119,1077
6280000,36443.152427,-135,1096
6285000,33284.702301,-149,